country,generation,p25,p75,mean_d
Afghanistan,0,0.31746031746031744,0.4525793650793651,0.408915494490822
Afr.Other NS,0,0.2092436974789916,0.33596398155221685,0.28027149466653073
Africa N.NES,0,0.0,0.0,0.0
Albania,0,0.3515001077892426,0.5286505578662442,0.4780838739009961
Algeria,0,0.21174454630336983,0.3281176122931442,0.2859023776683849
Angola,0,0.11011904761904762,0.24835559582097175,0.19117058407653742
Areas NES,0,0.37669764875647227,0.5764068054122233,0.5202735989084946
Argentina,0,0.3684000022773337,0.5639141414141414,0.532594854930069
Armenia,0,0.3182803307803308,0.47764550264550265,0.42932011717564167
Asia NES,0,0.17735042735042736,0.2978251097736392,0.2635756476552042
Asia West NS,0,0.20788212184287116,0.3855119825708061,0.3023339434642646
Australia,0,0.358974358974359,0.5435544965786901,0.5176009340823534
Austria,0,0.40154965404965404,1.0,0.6509858687581045
Azerbaijan,0,0.29943842160107975,0.4384411884411884,0.4060887079810737
Bahamas,0,0.3150583983917317,0.4313044662309368,0.39397954174451905
Bahrain,0,0.3022342995169082,0.45357751018670556,0.40841041304734677
Bangladesh,0,0.26338309541970867,0.392981869278254,0.3662558720469088
Barbados,0,0.3353829895949461,0.5040404040404041,0.4466415048108238
Belarus,0,0.30710521362695276,0.46272854500924676,0.42097874040007704
Belgium-Lux,0,0.4163863913863914,1.0,0.6591784377110308
Belize,0,0.30841801473380426,0.46822907436942524,0.4084315890350652
Benin,0,0.2918984774247932,0.4284110097939886,0.37945525368646954
Bermuda,0,0.3039618877854172,0.4302960927960928,0.3938202213061089
Bolivia,0,0.29697795677058086,0.43967245989304815,0.4179655674468084
Bosnia Herzg,0,0.33352280360308606,0.5172262764755025,0.4683508022035792
Br.Antr.Terr,0,0.07422027290448342,0.2039961013645224,0.14409620378021606
Brazil,0,0.39624338934098324,1.0,0.5856883888964736
Bulgaria,0,0.3922910422910423,1.0,0.5843018215288937
Burkina Faso,0,0.31746031746031744,0.4530413300150142,0.4039739574352728
Burundi,0,0.22910216718266252,0.39033189033189036,0.3194355746021728
CACM NES,0,0.10171568627450982,0.2843137254901961,0.20046946567523205
Cambodia,0,0.22599912165129554,0.38424369747899156,0.33458209769065655
Cameroon,0,0.17945902380674522,0.3150517113752408,0.2722063119896801
Canada,0,0.3904853860736214,1.0,0.575285879304199
Cent.Afr.Rep,0,0.20891590966729434,0.3409714998959851,0.2873026518941843
Chad,0,0.21595451045915443,0.33100867383231264,0.2821113616763875
Chile,0,0.3408484088927637,0.5051707551707552,0.47549624369467847
China,0,0.39333240926066804,1.0,0.6041829146294659
China FTZ,0,0.33668877887944826,0.5133569710228749,0.4738344628268882
China HK SAR,0,0.36115355593284293,0.5785675381263617,0.531781165588397
China MC SAR,0,0.2946689604348778,0.4325482542532011,0.39706622974397027
Colombia,0,0.365396471483428,0.5356400966183574,0.5071252335120887
Congo,0,0.21349206349206348,0.35861678004535147,0.30217466239124935
Costa Rica,0,0.3182027559307476,0.4705882352941176,0.43050830579128724
Cote Divoire,0,0.27600872859025033,0.4278804685701396,0.38177996682463944
Croatia,0,0.3804835823218176,0.6246552061684889,0.5597805614260188
Cuba,0,0.29587602413689373,0.40995763495763493,0.37973489161939655
Cyprus,0,0.3562697956900856,0.5473856209150327,0.49813290118624715
Czech Rep,0,0.40948976948976945,1.0,0.6531714238031717
Dem.Rp.Congo,0,0.24287487197277563,0.3525326797385621,0.3142025066539142
Denmark,0,0.3911324786324786,1.0,0.5857702333358278
Djibouti,0,0.25626577207459555,0.3891005644682115,0.3309992724049616
Dominican Rp,0,0.3195036387760846,0.47750857710811945,0.443069209002923
EEC NES,0,0.2612418300653595,0.40654160654160654,0.33607902625313385
Ecuador,0,0.3017429193899782,0.45620506037172703,0.4195216405380057
Egypt,0,0.3531620553359684,0.5208333333333334,0.49911741985344005
El Salvador,0,0.3006781045751634,0.4570138478176455,0.40707998667591344
Eq.Guinea,0,0.138138444781577,0.26013014582028826,0.21673970450001118
Estonia,0,0.3592728758169935,0.5377271421389068,0.500101060538546
Ethiopia,0,0.24763729246487864,0.3945259338998097,0.34368840102232634
Eur.Other NE,0,0.21003186628186626,0.3985930735930736,0.3141142028202119
Falkland Is,0,0.26409510242843576,0.39864466950823685,0.3440367519246607
Fiji,0,0.27472041847041845,0.4169344487682154,0.38787460280736225
Finland,0,0.3582172342621259,0.5693705259881732,0.5181704805590807
Fr Ind O,0,0.24762329174093883,0.3827518886342416,0.3215046058049282
Fr.Guiana,0,0.08294961628294961,0.16429763096429764,0.12805967474678032
"France,Monac",0,0.42821259709557585,1.0,0.6848100160454901
Gabon,0,0.2333333333333333,0.37281228433402347,0.3123624867047393
Gambia,0,0.27380131123749957,0.42376373626373626,0.36157047625284766
Georgia,0,0.3431959043372087,0.5235424427937546,0.465857124595955
Germany,0,0.39724601595871845,1.0,0.6747555144669328
Ghana,0,0.2866910866910867,0.4133852511491899,0.38805180651618715
Gibraltar,0,0.29198977836748735,0.412360143881883,0.3651727410338517
Greece,0,0.3938375350140056,1.0,0.5859512931059558
Greenland,0,0.28116230747809695,0.40784732056283785,0.35260884088195216
Guadeloupe,0,0.2292237524271979,0.3270803270803271,0.283945677840889
Guatemala,0,0.29525227460711334,0.45010205680528415,0.4198380639395659
Guinea,0,0.2345419073679943,0.36536278381503573,0.316993339107699
GuineaBissau,0,0.2972874112704621,0.4419937205651491,0.3939860711904647
Guyana,0,0.25544662309368193,0.38638153015343246,0.3478851677254538
Haiti,0,0.2695071010860485,0.4233104273364571,0.3754338478291588
Honduras,0,0.27053140096618356,0.42671541724820405,0.38747165807304634
Hungary,0,0.39149412678824436,1.0,0.5736736699524538
Iceland,0,0.31051046176046176,0.4358476064997804,0.4017339883949293
India,0,0.39800675362292826,1.0,0.5907748838251288
Indonesia,0,0.3855042016806723,1.0,0.5737356389091504
Iran,0,0.25794341827083567,0.3888532606024866,0.34986076256885423
Iraq,0,0.11063218390804597,0.20150862068965517,0.16209802524045105
Ireland,0,0.35703233313527427,0.5145723841376015,0.4830334395528858
Israel,0,0.37843923549568714,0.5727237175063262,0.533260353542767
Italy,0,0.4176266247989674,1.0,0.6711291378819563
Jamaica,0,0.30572647918816653,0.44841362111098954,0.40603113582386
Japan,0,0.33228052902072513,1.0,0.5466575236866158
Jordan,0,0.36036186036186035,0.5209091431917519,0.48661154681782914
Kazakhstan,0,0.301797385620915,0.4288923927028766,0.41572276936938035
Kenya,0,0.314260424824502,0.4590527232175158,0.4282380345256546
Kiribati,0,0.2835889397958363,0.4086175731713257,0.3626182735044653
Korea D P Rp,0,0.37502575690323847,0.5738409065298011,0.5276313503247002
Korea Rep.,0,0.3686997961845832,0.6005855119825708,0.5444332893518866
Kuwait,0,0.2032329988851728,0.3289675428116288,0.2789318645185651
Kyrgyzstan,0,0.328030303030303,0.5022351430122729,0.4556308483058021
LAIA NES,0,0.0,0.0,0.0
Lao P.Dem.R,0,0.2405278842060451,0.38282397536128876,0.34294465778917205
Latvia,0,0.342051282051282,0.5,0.4733524831369398
Lebanon,0,0.33943191311612364,0.5071789321789322,0.4730551222163679
Liberia,0,0.19414575866188769,0.29671473735908716,0.2585369908768879
Libya,0,0.18530805840854858,0.31722189433186876,0.2652000503311121
Lithuania,0,0.3561254964505738,0.5434733893557424,0.5085674464026803
Madagascar,0,0.22613649059727492,0.3735913527133755,0.3520769890698119
Malawi,0,0.1913617910932489,0.3329457364341086,0.29565380887232173
Malaysia,0,0.3442999243304121,0.5115718366824437,0.4817149826841396
Mali,0,0.32662680456798104,0.4629339875516787,0.42139909233249534
Malta,0,0.32257851479819444,0.48112863502889075,0.4287677000765828
Mauritania,0,0.18014705882352944,0.29831523252575887,0.25438338782996195
Mauritius,0,0.29487930126862016,0.4222717369776193,0.3906257735266262
Mexico,0,0.37903873087696616,0.5729925494456387,0.5358192950457725
Mongolia,0,0.26895424836601306,0.4065015479876161,0.37132129271542363
Morocco,0,0.335515873015873,0.4926610828784741,0.47154703650000906
Mozambique,0,0.31140535792709706,0.48360566448801745,0.42551956927567547
Myanmar,0,0.25675545852176285,0.40907434646091634,0.3847041353528439
Nepal,0,0.3080746187363834,0.4361407132394086,0.4074702245623278
Neth.Ant.Aru,0,0.2799419182870412,0.4317460317460317,0.37222415699833067
Netherlands,0,0.4154132904132904,1.0,0.6330876543866691
Neutral Zone,0,0.1484126984126984,0.2979635823114084,0.23186791802162038
New Calednia,0,0.2623249299719888,0.391403162055336,0.33992427686107884
New Zealand,0,0.3537565553230515,0.5733684342608827,0.5210367004721572
Nicaragua,0,0.2650352405121206,0.4029746971217476,0.3691714035135093
Niger,0,0.2833201581027668,0.39947299077733867,0.35225485068194323
Nigeria,0,0.22565922920892495,0.38725490196078427,0.32514789820318274
Norway,0,0.32794078083210687,0.49412689778232866,0.4579847489987608
Occ.Pal.Terr,0,0.16136162687886826,0.27013673890608875,0.22144717707435752
Oman,0,0.24381127450980394,0.38843749772564296,0.33058500135791835
Oth.Oceania,0,0.3015891630442714,0.44975490196078427,0.38814361626054755
Pakistan,0,0.3333333333333333,0.4742165242165242,0.46160389692783477
Panama,0,0.3513620071684588,0.49886628882179496,0.48513261689300663
Papua N.Guin,0,0.24436026936026936,0.3525380391159769,0.32366172278656563
Paraguay,0,0.3030220381613571,0.45312921727395405,0.4267488515070182
Peru,0,0.3605769230769231,0.5302001616507394,0.5027694278824553
Philippines,0,0.32971521942110177,0.4889097744360903,0.46169435979080253
Poland,0,0.4112491373360939,1.0,0.641895932785716
Portugal,0,0.3876246990024079,1.0,0.5758874316385109
Qatar,0,0.22805589472256138,0.36009517443340977,0.3129388105688913
Rep Moldova,0,0.3464046982429336,0.5226551226551226,0.48002925486379544
Romania,0,0.38047138047138046,0.6126256782906399,0.5554892904030817
Russian Fed,0,0.34517257195275775,0.5105071195144724,0.48182608999607035
Rwanda,0,0.23684210526315788,0.3756746031746032,0.3164602217254821
Samoa,0,0.1801889695272048,0.3171095071617075,0.2680086256411325
Saudi Arabia,0,0.25470831291264723,0.3801807760141094,0.33057990434386386
Senegal,0,0.26461394862604537,0.39259605759605765,0.36725910849566074
Seychelles,0,0.23707866957866958,0.34897890780243723,0.30580782488291236
Sierra Leone,0,0.31998648818501757,0.4718418595508379,0.4199879121237363
Singapore,0,0.3400446182978947,0.5081349206349206,0.48005268997820916
Slovakia,0,0.37275469628410807,1.0,0.5736782707268604
Slovenia,0,0.38215183509301154,1.0,0.5882335061998658
Somalia,0,0.23353096179183136,0.3637941199500707,0.31232009459321197
South Africa,0,0.37406806156806155,0.5834322821947961,0.5423495799478446
Spain,0,0.42212301587301587,1.0,0.6641221215563687
Sri Lanka,0,0.3157205500955501,0.4920634920634921,0.45624675623381483
St.Helena,0,0.24324637350953143,0.39628073451602863,0.3270175578506652
St.Kt-Nev-An,0,0.32038817663817665,0.4536021984551396,0.41793392063410933
St.Pierre Mq,0,0.19710144927536233,0.31720238412005747,0.26061040689391873
Sudan,0,0.19208828046547344,0.3383838383838384,0.29456671310782134
Suriname,0,0.2668350168350168,0.3945955571730422,0.34916032127752056
Sweden,0,0.38462795374560077,1.0,0.5724438269374796
Switz.Liecht,0,0.38481508545447163,1.0,0.5893965025185012
Syria,0,0.24036774628879892,0.4024725274725275,0.3621240412952969
TFYR Macedna,0,0.2987891737891738,0.49208437761069335,0.43669695360514227
Taiwan,0,0.3601901366607249,0.6536460923572005,0.5499422441612137
Tajikistan,0,0.2864127239127239,0.4356861356289274,0.3908021838864446
Tanzania,0,0.28057498057498054,0.41281985469111593,0.38951683443647594
Thailand,0,0.39033261613824277,1.0,0.5851584845273226
Togo,0,0.26680891035963494,0.40488790924837437,0.3544719515221367
Trinidad Tbg,0,0.2954943079080911,0.41501911055074037,0.3742418837793905
Tunisia,0,0.35400751209574743,0.531868744001097,0.49923645449832016
Turkey,0,0.37711565395388924,1.0,0.5796340181560483
Turkmenistan,0,0.2527296777296777,0.4037341421383974,0.3554101890016764
UK,0,0.39444444444444443,1.0,0.6258296128101665
US NES,0,0.27126977984176126,0.41808734889467714,0.37194059260769363
USA,0,0.4214842431769028,1.0,0.6729652085422021
Uganda,0,0.24523420479302832,0.36844116452812103,0.33171429440387307
Ukraine,0,0.37740879977722086,0.6336729360775043,0.5577018703202792
Untd Arab Em,0,0.31925027870680045,0.4564761630178997,0.43209025312550753
Uruguay,0,0.36388305322128855,0.5708946860992162,0.5255984650876439
Uzbekistan,0,0.3244749322493225,0.470016339869281,0.44201411877966795
Venezuela,0,0.30092592592592593,0.4382762401767564,0.4007533927219868
Viet Nam,0,0.3337232620320856,0.481072631072631,0.47586244122686816
Yemen,0,0.2088235294117647,0.3319056388804075,0.28523043882923854
Yugoslavia,0,0.36953781512605044,0.5877653780188198,0.5382270236530994
Zambia,0,0.3005328005328005,0.43134539012570516,0.39165503257878903
Zimbabwe,0,0.3280253515547633,0.4824074074074074,0.45095139675747753
Afghanistan,1,0.3416407867494824,0.5092879256965943,0.4628578408343139
Afr.Other NS,1,0.21924963924963925,0.3552969524436915,0.30018506582627985
Africa N.NES,1,0.0,0.0,0.0
Albania,1,0.383830802852542,0.5950773260555869,0.5504411437537128
Algeria,1,0.21174454630336983,0.3281176122931442,0.2859023776683849
Angola,1,0.13045282124229493,0.2611607142857143,0.2069166065560308
Areas NES,1,0.3989989177489177,1.0,0.5941754403239476
Argentina,1,0.3803360000470424,1.0,0.5733245794155741
Armenia,1,0.34129706344380256,0.5304727398205659,0.48228889853489465
Asia NES,1,0.1852852852852853,0.32020906653259595,0.2825525299258597
Asia West NS,1,0.2499161018844849,0.45762670565302144,0.36438726717654624
Australia,1,0.3811196253724989,0.6452213048962275,0.5615289138385267
Austria,1,0.415607957553922,1.0,0.695395308568112
Azerbaijan,1,0.30755152202684816,0.45139584054126786,0.4285167052676971
Bahamas,1,0.3246058229027041,0.4651404151404151,0.4244010053773626
Bahrain,1,0.32202887166596844,0.49669444584362343,0.4518200084481339
Bangladesh,1,0.27270755283089243,0.40491452991453,0.37806037016863653
Barbados,1,0.3701169839916643,0.5686282467532467,0.5204869315755114
Belarus,1,0.3344421101774043,0.5166666666666667,0.47187283611748876
Belgium-Lux,1,0.4210528940921098,1.0,0.6950198678253813
Belize,1,0.34256802136059106,0.5215778825518814,0.46668271939048456
Benin,1,0.3263888888888889,0.4817194501405027,0.4285472259586685
Bermuda,1,0.32766955266955267,0.4828541828541828,0.4438283493206018
Bolivia,1,0.32348478733799224,0.4927422527422527,0.4622201015551936
Bosnia Herzg,1,0.35836038961038963,0.5847300031123561,0.5265423953093992
Br.Antr.Terr,1,0.07422027290448342,0.2039961013645224,0.14409620378021606
Brazil,1,0.42691163003663,1.0,0.6542590314241996
Bulgaria,1,0.41421199573373485,1.0,0.644515781986546
Burkina Faso,1,0.3419793673431839,0.5026806526806527,0.45329203855508254
Burundi,1,0.28252449305080884,0.46245524470162147,0.3830957954635052
CACM NES,1,0.11817022130489621,0.2953431372549019,0.2150699754174925
Cambodia,1,0.2601794340924776,0.42743055555555554,0.376076116941948
Cameroon,1,0.18661918502071956,0.336959031150209,0.2910299279566989
Canada,1,0.41926540274704904,1.0,0.6433668718278879
Cent.Afr.Rep,1,0.21892699401289328,0.35919295254333616,0.30363585184365594
Chad,1,0.22766270250790377,0.360255254028349,0.30233374755956044
Chile,1,0.36041123908770967,0.554326923076923,0.5166386511748043
China,1,0.41170634920634924,1.0,0.6451422696131018
China FTZ,1,0.36744050690451613,0.579957761536709,0.5332551189305299
China HK SAR,1,0.3807685737510299,1.0,0.5837359653026251
China MC SAR,1,0.31271008403361344,0.4847258297258298,0.4318048999741492
Colombia,1,0.37670851966517604,0.5810541188830662,0.5493737336989292
Congo,1,0.23292186571598336,0.37469209004642823,0.3213625157789743
Costa Rica,1,0.34587175276830445,0.5213373655913979,0.47807988508655525
Cote Divoire,1,0.285195707070707,0.4644209966941107,0.40971944858007336
Croatia,1,0.40241147741147737,1.0,0.6207647095363885
Cuba,1,0.29893770373646533,0.42028641856228066,0.3987736756761479
Cyprus,1,0.3799865110734676,0.6843538585024653,0.5639089075894849
Czech Rep,1,0.42341209988268813,1.0,0.7043996156228437
Dem.Rp.Congo,1,0.2603781179358843,0.38614163614163616,0.3417086818436616
Denmark,1,0.40602175602175605,1.0,0.6447664962243522
Djibouti,1,0.28450791084170013,0.44013454777336203,0.3763974109396031
Dominican Rp,1,0.35013934266406055,0.5363074425574426,0.4930658741942242
EEC NES,1,0.2947984749455338,0.4701426024955436,0.3935395471680208
Ecuador,1,0.31279474350126524,0.48148148148148145,0.44388806678831366
Egypt,1,0.36943097751921283,0.5967113129836915,0.5443987654334524
El Salvador,1,0.35064935064935066,0.5344247552622119,0.4770210867351532
Eq.Guinea,1,0.13939435090133212,0.2716819486894508,0.22789424801143146
Estonia,1,0.3850869208253016,0.6304038281979458,0.563526508975799
Ethiopia,1,0.26480320445837685,0.41664280647838403,0.36824229570422673
Eur.Other NE,1,0.2576824472321784,0.46926849225699796,0.3763871878951018
Falkland Is,1,0.2976933197521433,0.4624863834422658,0.3985718992491621
Fiji,1,0.29185834433210744,0.4520999559021338,0.4141240936645908
Finland,1,0.37844079939668174,1.0,0.5788679409382842
Fr Ind O,1,0.26154957471444606,0.4132012727197009,0.3495778576994645
Fr.Guiana,1,0.08294961628294961,0.16429763096429764,0.12805967474678032
"France,Monac",1,0.44655131826742,1.0,0.7347563208278806
Gabon,1,0.27936507936507937,0.4540840249850261,0.37959895069303207
Gambia,1,0.31680169121658486,0.499898034853541,0.43348012115908086
Georgia,1,0.37407122076866484,0.5871783675633883,0.5347273884709407
Germany,1,0.4047161172161173,1.0,0.6967318745612232
Ghana,1,0.29799621603027177,0.4364277017078375,0.4079155520654485
Gibraltar,1,0.30765873015873013,0.4570436507936508,0.39909640829554843
Greece,1,0.42268492721369466,1.0,0.6497772709129542
Greenland,1,0.28897223940875655,0.4310795929216981,0.3731409974630764
Guadeloupe,1,0.23219246031746033,0.3323040536969505,0.28881298069074757
Guatemala,1,0.3038599393438103,0.4695451410818291,0.44364493325689025
Guinea,1,0.2399801587301587,0.36982872200263506,0.32220739751144706
GuineaBissau,1,0.33226153566839844,0.4876108552506375,0.44516540006090877
Guyana,1,0.2925506388741683,0.45817593117791644,0.40429272854287657
Haiti,1,0.29457639135058494,0.46565162907268165,0.4145626673514884
Honduras,1,0.3033307907449783,0.47806982872200265,0.4333735381298248
Hungary,1,0.4056528013049752,1.0,0.6276039781667251
Iceland,1,0.3380610617452723,0.5,0.44858864153042816
India,1,0.4227993960781635,1.0,0.6415035530640011
Indonesia,1,0.406971975393028,1.0,0.6271023323831825
Iran,1,0.2603995601173021,0.39278862899552547,0.3543610663108527
Iraq,1,0.11063218390804597,0.20150862068965517,0.16209802524045105
Ireland,1,0.37288508982057367,0.5763903944051003,0.5341143655353787
Israel,1,0.39298818942781794,1.0,0.5925850307439411
Italy,1,0.425534188034188,1.0,0.7018244624324839
Jamaica,1,0.34334661754016593,0.5214667277167278,0.4691298966013311
Japan,1,0.348280792218446,1.0,0.5890353037246154
Jordan,1,0.3765047183651835,0.5680871661134819,0.5332935545887617
Kazakhstan,1,0.31209150326797386,0.46251803751803755,0.43123179373589476
Kenya,1,0.33523373651520105,0.5042122909769968,0.47280851874395385
Kiribati,1,0.3014270152505446,0.4513427154487526,0.39445028903723767
Korea D P Rp,1,0.399287518037518,1.0,0.5915518862895645
Korea Rep.,1,0.38699560100488894,1.0,0.5974002034105166
Kuwait,1,0.20385467921069422,0.33108390676220134,0.2823033392991228
Kyrgyzstan,1,0.35334249084249086,0.567896047307812,0.5190491601526425
LAIA NES,1,0.0,0.0,0.0
Lao P.Dem.R,1,0.27251164395376914,0.41874657909140667,0.38032907992510884
Latvia,1,0.35804334554334555,0.5476657329598505,0.5114961150944538
Lebanon,1,0.36247252747252745,0.5785714285714286,0.5269976754856553
Liberia,1,0.206204980663185,0.3329428741193447,0.28426022017375735
Libya,1,0.18530805840854858,0.31722189433186876,0.2652000503311121
Lithuania,1,0.3818218954248366,0.6304609279609279,0.5618689830910667
Madagascar,1,0.22925531914893618,0.3850931677018633,0.3666754303311995
Malawi,1,0.20341614906832298,0.34679129640133605,0.3106099335159948
Malaysia,1,0.3776707751611843,0.5878427128427128,0.5438636241189481
Mali,1,0.36449579831932777,0.5192579025912358,0.48212815236325907
Malta,1,0.3555577691359599,0.531001406001406,0.4833328605495665
Mauritania,1,0.20604575163398695,0.324846504258269,0.28449050869006076
Mauritius,1,0.3041410296312257,0.4466184769994559,0.41621916098540757
Mexico,1,0.41010717677384345,1.0,0.6005650363777133
Mongolia,1,0.2855750487329435,0.4282129808725553,0.3935329122467686
Morocco,1,0.35795204795204794,0.5559658698789134,0.5165325844263898
Mozambique,1,0.3376373626373626,0.5336453394783991,0.4808242720598251
Myanmar,1,0.27092993426326756,0.432557909926331,0.4057154529616818
Nepal,1,0.34328444116114754,0.4866412624657609,0.45144004533800985
Neth.Ant.Aru,1,0.3105082968860059,0.48069940226802976,0.42245643690991097
Netherlands,1,0.42815371762740184,1.0,0.680305352586582
Neutral Zone,1,0.16733187502021352,0.32787433155080214,0.2520919242647483
New Calednia,1,0.2833333333333334,0.419946563098737,0.36674969696730747
New Zealand,1,0.3756007460949321,1.0,0.578880878589014
Nicaragua,1,0.2817693059628543,0.42524526909607563,0.3942033254578898
Niger,1,0.2965130171894957,0.430368906455863,0.3792103943821285
Nigeria,1,0.2664769544181309,0.42507309941520466,0.3699578028211696
Norway,1,0.3476136332920426,0.5556277056277056,0.5051022518551385
Occ.Pal.Terr,1,0.16136162687886826,0.2714412024756852,0.22361037612600776
Oman,1,0.25925925925925924,0.42137853632106503,0.36793114420842576
Oth.Oceania,1,0.3343704906204906,0.51829050460764,0.45624869502788884
Pakistan,1,0.3514433551198257,0.5139279701779702,0.49354585116948946
Panama,1,0.3659111422346717,0.5434782608695653,0.5202936358477152
Papua N.Guin,1,0.2460178223336118,0.3552558284442342,0.32847216857609557
Paraguay,1,0.326300505050505,0.503092903828198,0.4705606393928607
Peru,1,0.37919451406293514,0.5969742063492063,0.5487208035643767
Philippines,1,0.3576881902575576,0.5339289127904688,0.5121678372447421
Poland,1,0.42788315485683903,1.0,0.6908464478532291
Portugal,1,0.41089429576271685,1.0,0.6323040788753019
Qatar,1,0.2411816578483245,0.3796296296296296,0.3406272102325307
Rep Moldova,1,0.3670621657754011,0.5777967902967902,0.5308842891283205
Romania,1,0.4076252723311547,1.0,0.6122653896209008
Russian Fed,1,0.3726265764092189,0.5782106782106782,0.5292245532198453
Rwanda,1,0.24472222222222223,0.4045815295815296,0.34411960356738447
Samoa,1,0.18147519335974346,0.32723071118656855,0.2824776260863011
Saudi Arabia,1,0.2722593310828605,0.41791433391054256,0.3610409360172034
Senegal,1,0.26534990873226166,0.3995098039215686,0.3807342071012948
Seychelles,1,0.23844054580896684,0.3527486209471503,0.30886971704897204
Sierra Leone,1,0.3482570806100218,0.5306505177828708,0.4819201045798449
Singapore,1,0.3539608036890646,0.5481835038950789,0.5137980050094569
Slovakia,1,0.3892751270468662,1.0,0.6224903624011557
Slovenia,1,0.4014682539682539,1.0,0.6393918615061237
Somalia,1,0.25765721733463665,0.403475935828877,0.3472470950036658
South Africa,1,0.39107490949596213,1.0,0.5934110978390995
Spain,1,0.43029150633317303,1.0,0.7100707295208027
Sri Lanka,1,0.3551095193109557,0.5641213006941908,0.5146772246339153
St.Helena,1,0.2806217454043541,0.44438980137509554,0.3797902866180868
St.Kt-Nev-An,1,0.3445906432748538,0.5121463077984816,0.47081054479650897
St.Pierre Mq,1,0.19885807096451774,0.31956521739130433,0.26678065895549713
Sudan,1,0.1930415263748597,0.3433863713119032,0.29901503120780865
Suriname,1,0.29190095966411755,0.43487438752861995,0.38377171534207405
Sweden,1,0.39448028025614235,1.0,0.6163540105908966
Switz.Liecht,1,0.40025214598370135,1.0,0.6517512275040243
Syria,1,0.2625154730327144,0.4346764346764347,0.3925528229005166
TFYR Macedna,1,0.3281187138095033,0.5301646171665148,0.48300191978970786
Taiwan,1,0.3820699112978525,1.0,0.6054934276112096
Tajikistan,1,0.2987023150140121,0.4644688242514329,0.4231909624273237
Tanzania,1,0.30808080808080807,0.45164240108843356,0.4236111758002678
Thailand,1,0.4164835164835165,1.0,0.6486774006905324
Togo,1,0.30787037037037035,0.47056347791641906,0.4089255691091169
Trinidad Tbg,1,0.30964912280701756,0.434755291005291,0.39417059169881086
Tunisia,1,0.3752971252971253,0.6009039979628215,0.5499448848076695
Turkey,1,0.3980496826110861,1.0,0.6262036218792743
Turkmenistan,1,0.26614718614718613,0.42263679987963004,0.3829064266160483
UK,1,0.41424807076980985,1.0,0.6764678936361789
US NES,1,0.28710870313037495,0.45859325773692666,0.40766561641317567
USA,1,0.4380379367298663,1.0,0.716684965977183
Uganda,1,0.27365196078431375,0.41180455347122014,0.3649158651394465
Ukraine,1,0.3955065359477124,1.0,0.6164085919930249
Untd Arab Em,1,0.334126559714795,0.49844349696500234,0.46706225961571673
Uruguay,1,0.3915623320035085,1.0,0.5927708880131414
Uzbekistan,1,0.350440341404805,0.5177404295051353,0.4862961282282055
Venezuela,1,0.3064212100723257,0.47125119640332624,0.4265344566278881
Viet Nam,1,0.35238539238539246,0.5459085359085359,0.5140155444529197
Yemen,1,0.2088235294117647,0.3319056388804075,0.28688778443283913
Yugoslavia,1,0.3862315270935961,1.0,0.5912234423967081
Zambia,1,0.33455433455433453,0.49231601731601726,0.44197694569922447
Zimbabwe,1,0.345367187278952,0.5299647646410808,0.49307870363958434
Afghanistan,2,0.37049617552334946,0.5596687785786252,0.5220608282132014
Afr.Other NS,2,0.2331443827685567,0.3805704099821747,0.31892092887578216
Africa N.NES,2,0.0,0.0,0.0
Albania,2,0.4014186900056465,1.0,0.6073685884812822
Algeria,2,0.21174454630336983,0.3281176122931442,0.2859023776683849
Angola,2,0.13057136083451873,0.2619047619047619,0.20791217685241845
Areas NES,2,0.40988756613756616,1.0,0.6400792899425399
Argentina,2,0.3963981034437133,1.0,0.6133162970010011
Armenia,2,0.36713029385195817,0.5906934411191377,0.541625815228345
Asia NES,2,0.18835603062576747,0.3257751937984496,0.2896237808066053
Asia West NS,2,0.3003731755860239,0.5057471264367815,0.43699749329844095
Australia,2,0.4107570806100218,1.0,0.6099299631685539
Austria,2,0.4177877291267384,1.0,0.7095776978997345
Azerbaijan,2,0.3105519279432323,0.4639595137326277,0.43750301299358935
Bahamas,2,0.34482306433455123,0.5097465886939571,0.4659509482244961
Bahrain,2,0.3432765777238488,0.5279827009967024,0.4872440596554301
Bangladesh,2,0.2867429670318735,0.4211017740429505,0.3929321536249667
Barbados,2,0.38762838468720817,1.0,0.584013089533865
Belarus,2,0.3558080808080808,0.5693991924255082,0.518565663943008
Belgium-Lux,2,0.4265399088928501,1.0,0.710436870627054
Belize,2,0.3767902236652237,0.5757923146016541,0.5314827941659281
Benin,2,0.35848682907506435,0.5274373638344227,0.4862259106727078
Bermuda,2,0.3614718614718615,0.5304834054834056,0.4934532760452788
Bolivia,2,0.3509959515506471,0.5255230880230879,0.5032821778911086
Bosnia Herzg,2,0.38404558404558403,1.0,0.5841462350636294
Br.Antr.Terr,2,0.07422027290448342,0.2039961013645224,0.14409620378021606
Brazil,2,0.4396876271876272,1.0,0.7047880066624619
Bulgaria,2,0.4243736383442266,1.0,0.6850501614750644
Burkina Faso,2,0.36852263233842186,0.5500027228498476,0.5154820636533769
Burundi,2,0.3216965750391949,0.5051244341818315,0.4440673971290512
CACM NES,2,0.13875272331154684,0.33573088507165594,0.2430220831521519
Cambodia,2,0.28455687589609,0.4708489760194531,0.41215510028552904
Cameroon,2,0.20082815734989645,0.3692546257359125,0.31300989078386987
Canada,2,0.43240440115440115,1.0,0.6902009446677511
Cent.Afr.Rep,2,0.21892699401289328,0.3593350383631714,0.3052645545031085
Chad,2,0.2567553762600202,0.42045177045177046,0.3461541049726034
Chile,2,0.3786581907010296,1.0,0.5626328219887667
China,2,0.4322599978206385,1.0,0.6913289461296391
China FTZ,2,0.38607419202828097,1.0,0.5955411733495476
China HK SAR,2,0.40415943705417395,1.0,0.6329613099975716
China MC SAR,2,0.3358137614019967,0.5287114845938375,0.4822705123142836
Colombia,2,0.3936546840958606,1.0,0.5899553780527418
Congo,2,0.2375222816399287,0.3835082031633755,0.3306242418450968
Costa Rica,2,0.377981861134035,0.5779761904761904,0.5380737064725356
Cote Divoire,2,0.3090318178553473,0.4860413985413985,0.4411254020669023
Croatia,2,0.41872710622710624,1.0,0.6655844909671993
Cuba,2,0.3076473234367971,0.43579793028322433,0.4129383111121714
Cyprus,2,0.3979409479409479,1.0,0.6154669507061854
Czech Rep,2,0.430239706281373,1.0,0.7255739633502147
Dem.Rp.Congo,2,0.28186472462832735,0.4551370255704621,0.38430578807967153
Denmark,2,0.41109424201529465,1.0,0.6773735146181545
Djibouti,2,0.3209281280295212,0.4922871926548398,0.43541434066520446
Dominican Rp,2,0.37552969038476286,0.612177093059446,0.5545714957745913
EEC NES,2,0.32777167277167274,0.5260405809186297,0.4617917473919337
Ecuador,2,0.32672077922077924,0.5008186258186258,0.46768368415449707
Egypt,2,0.39129610177404295,1.0,0.5905391923156202
El Salvador,2,0.37552969038476286,0.5907485216308745,0.5460283834284088
Eq.Guinea,2,0.16104269293924467,0.3095753719231017,0.2523724750475695
Estonia,2,0.40224382576356266,1.0,0.6213298389815747
Ethiopia,2,0.2907989671147566,0.4608669754018591,0.4035514387970245
Eur.Other NE,2,0.3010790627069697,0.5078571428571428,0.443162245186085
Falkland Is,2,0.3189690271302772,0.5028944911297852,0.44894135771420635
Fiji,2,0.3040255496137849,0.4896127238774297,0.4481528057761191
Finland,2,0.38798479785321893,1.0,0.610393511401591
Fr Ind O,2,0.2937241554026445,0.4621515360645795,0.39702718191271846
Fr.Guiana,2,0.08294961628294961,0.16429763096429764,0.12805967474678032
"France,Monac",2,0.46380609759719627,1.0,0.759260063903066
Gabon,2,0.3295907251789605,0.5212048708372237,0.4580828281920559
Gambia,2,0.35268382352941174,0.5468409586056645,0.5055762504806214
Georgia,2,0.3938607085346216,1.0,0.5969507765680998
Germany,2,0.4104312354312355,1.0,0.713724010457481
Ghana,2,0.30341821920769285,0.46286079182630907,0.4261042402024907
Gibraltar,2,0.3248327759197325,0.5058367321715487,0.44837377048137667
Greece,2,0.43399470899470904,1.0,0.694460506985712
Greenland,2,0.31527777777777777,0.48958020158209914,0.4241834445467374
Guadeloupe,2,0.23342864923747275,0.33278006715506714,0.29084259271182294
Guatemala,2,0.3177043904308948,0.500687196549749,0.46694784041858467
Guinea,2,0.2399801587301587,0.3704874835309618,0.3241267075724764
GuineaBissau,2,0.35621774221587377,0.5419648978472508,0.4956867055191628
Guyana,2,0.32628646522147464,0.5101233475846478,0.4577536656834348
Haiti,2,0.3292207792207792,0.5208333333333334,0.4655672047553882
Honduras,2,0.32638888888888884,0.519675925925926,0.4684437670502138
Hungary,2,0.411075839365313,1.0,0.6558459806812568
Iceland,2,0.36211843711843716,0.5496735148909061,0.5060877960590046
India,2,0.4381578742608154,1.0,0.694150393657822
Indonesia,2,0.41904404404404405,1.0,0.6717545872686178
Iran,2,0.2603995601173021,0.39427045736391064,0.35521214739852464
Iraq,2,0.11063218390804597,0.20150862068965517,0.16209802524045105
Ireland,2,0.3900830786860199,1.0,0.5924320899027374
Israel,2,0.4023617844573727,1.0,0.6406709662745729
Italy,2,0.43154761904761907,1.0,0.7275147972310265
Jamaica,2,0.36732621243490815,0.5700805322128852,0.5301155145736175
Japan,2,0.3562908496732027,1.0,0.6170203137502763
Jordan,2,0.3894684155713567,1.0,0.5820665646298014
Kazakhstan,2,0.3264073399607925,0.5022771074241663,0.4609053380726012
Kenya,2,0.3646603970181638,0.5564196438809441,0.5153930720796872
Kiribati,2,0.32430279259967376,0.5,0.4411895028933256
Korea D P Rp,2,0.41516076516076517,1.0,0.6426913241027596
Korea Rep.,2,0.40487869618304406,1.0,0.6432610280703008
Kuwait,2,0.20385467921069422,0.33108390676220134,0.2823033392991228
Kyrgyzstan,2,0.37744845123790605,1.0,0.5707656967907869
LAIA NES,2,0.0,0.0,0.0
Lao P.Dem.R,2,0.28101010101010104,0.436026936026936,0.3966124577503973
Latvia,2,0.37866029843022253,0.719807093491304,0.5646025687719631
Lebanon,2,0.3897584033613445,1.0,0.5809177475809802
Liberia,2,0.2125464246906372,0.33974549415725885,0.2911606737837042
Libya,2,0.18530805840854858,0.31722189433186876,0.2652000503311121
Lithuania,2,0.40745930482772585,1.0,0.6153544893505213
Madagascar,2,0.24462155952312498,0.4127642888512454,0.38420449222394204
Malawi,2,0.20341614906832298,0.34679129640133605,0.3106099335159948
Malaysia,2,0.3982259570494865,1.0,0.602905691459951
Mali,2,0.384514687100894,0.5782093677927012,0.5400867218820962
Malta,2,0.37838369963369956,0.5858225108225108,0.5480077674299638
Mauritania,2,0.25,0.3577038577038577,0.3292092450397417
Mauritius,2,0.3332369385000964,0.49641179025507387,0.4531631637661379
Mexico,2,0.4153093412079292,1.0,0.6490840035326407
Mongolia,2,0.3098122753295167,0.4614213638238946,0.42073146163277053
Morocco,2,0.39107461166284696,1.0,0.5756389399958692
Mozambique,2,0.36493930905695615,0.5914098972922502,0.5425082684170631
Myanmar,2,0.29185185185185186,0.4554256745433216,0.42707338009604356
Nepal,2,0.36140350877192984,0.5393518518518519,0.499250873780858
Neth.Ant.Aru,2,0.34469609338030394,0.5290526466997055,0.48151795720308327
Netherlands,2,0.43538868538868536,1.0,0.7130398433181058
Neutral Zone,2,0.16733187502021352,0.32787433155080214,0.2520919242647483
New Calednia,2,0.30808080808080807,0.46302102423383884,0.4033657764636454
New Zealand,2,0.3966639433551198,1.0,0.6221194003548578
Nicaragua,2,0.28788385519771914,0.45567344532861775,0.4124772074754335
Niger,2,0.3270647035890938,0.49333181438444595,0.4342061059411505
Nigeria,2,0.30098684210526316,0.4708737333971516,0.4160524355466039
Norway,2,0.37713675213675213,1.0,0.5625004831692355
Occ.Pal.Terr,2,0.16136162687886826,0.2714412024756852,0.22361037612600776
Oman,2,0.2793148880105402,0.46892072720561095,0.40549153557919176
Oth.Oceania,2,0.3619089472816132,0.5732727638705899,0.526794704394587
Pakistan,2,0.3710832555484508,0.5705128082018585,0.530542035643084
Panama,2,0.379845803968611,0.6268090569561158,0.5614235663456422
Papua N.Guin,2,0.2495315643535458,0.36788597043469606,0.33608481444982535
Paraguay,2,0.3510311083308858,0.5492350786468433,0.5121530659551304
Peru,2,0.40351418721751264,1.0,0.6061212773509134
Philippines,2,0.3778846153846154,0.598269589600859,0.5560888805397793
Poland,2,0.4409717103215555,1.0,0.7215323735624066
Portugal,2,0.42009947009947013,1.0,0.6703091526539008
Qatar,2,0.24308527776269712,0.37996267530581257,0.34312938973777535
Rep Moldova,2,0.3814187734080332,1.0,0.5813822720599159
Romania,2,0.42009947009947013,1.0,0.6608423729139548
Russian Fed,2,0.3908791586810163,1.0,0.5851001540333702
Rwanda,2,0.27840426305338584,0.4470064272147605,0.3812607873002659
Samoa,2,0.18183361629881156,0.3344986366208777,0.28811018373803554
Saudi Arabia,2,0.29793650793650794,0.47281792281792284,0.40266362535298195
Senegal,2,0.26534990873226166,0.4002642888512453,0.3832771855177681
Seychelles,2,0.23844054580896684,0.3527486209471503,0.30886971704897204
Sierra Leone,2,0.3686191861114462,0.5750576583909918,0.5387134433816426
Singapore,2,0.36597846597846606,0.6428049289891395,0.5573902637033507
Slovakia,2,0.39997184991464163,1.0,0.655290461079584
Slovenia,2,0.4120694022289767,1.0,0.6678817767677376
Somalia,2,0.26507726371856805,0.42715572797722906,0.3695496346929328
South Africa,2,0.4152191218367689,1.0,0.6416505338360272
Spain,2,0.43988289760348587,1.0,0.7350584084453634
Sri Lanka,2,0.3814790618912426,1.0,0.5782420182879916
St.Helena,2,0.3108023282481465,0.5020810318429365,0.43815876286074895
St.Kt-Nev-An,2,0.37413263065436975,0.5722949078911723,0.5322994607891731
St.Pierre Mq,2,0.19927536231884058,0.3214684619865008,0.2692141159079316
Sudan,2,0.1930415263748597,0.3434343434343434,0.3003794218733555
Suriname,2,0.3318618839718584,0.5012740183792815,0.4412669812165417
Sweden,2,0.3986885104919161,1.0,0.6375756179036163
Switz.Liecht,2,0.4077546017201189,1.0,0.6772307881052418
Syria,2,0.2878942979713198,0.4837615283267457,0.4307415044124139
TFYR Macedna,2,0.36302387914230017,0.5732843997211814,0.5331913032312776
Taiwan,2,0.3919182146542828,1.0,0.6437548108514201
Tajikistan,2,0.3198529411764706,0.5061453741468573,0.4604133240121956
Tanzania,2,0.32174297924297923,0.486262077294686,0.44925814913931295
Thailand,2,0.4273573550169295,1.0,0.6896328794857837
Togo,2,0.34640522875817,0.5181599832915622,0.46546315509839015
Trinidad Tbg,2,0.3183741052338923,0.4486645299145299,0.407124255020255
Tunisia,2,0.3954131652661064,1.0,0.5973382345236109
Turkey,2,0.41378773731714913,1.0,0.6630825744182394
Turkmenistan,2,0.28589159523653734,0.4357441913963653,0.4006826540991382
UK,2,0.4158561482090894,1.0,0.6961715271927641
US NES,2,0.31523872212632875,0.5000408496732026,0.4469934013709246
USA,2,0.43914141414141417,1.0,0.7288114670147969
Uganda,2,0.3043805773469168,0.4705882352941176,0.4084059832660153
Ukraine,2,0.4162991791092068,1.0,0.6619186529938305
Untd Arab Em,2,0.34341533466533464,0.5275443510737629,0.4990958333666686
Uruguay,2,0.4144896166635297,1.0,0.6457683366612644
Uzbekistan,2,0.375000319377801,0.568558253340862,0.5300796461809689
Venezuela,2,0.32141884531590414,0.5136855290303566,0.4620929467264128
Viet Nam,2,0.38255494505494503,0.6693744164332399,0.565750428082106
Yemen,2,0.2088235294117647,0.33244109047127623,0.28863121025992006
Yugoslavia,2,0.4044764059469942,1.0,0.6345200151023748
Zambia,2,0.36712779973649545,0.5356013165792486,0.5029365117235072
Zimbabwe,2,0.3715038413026029,0.6003734827264239,0.5451546114034956
Afghanistan,3,0.38555101153785365,1.0,0.574022212504516
Afr.Other NS,3,0.24772851059615766,0.39635832004253063,0.33712702596386984
Africa N.NES,3,0.0,0.0,0.0
Albania,3,0.405660243895538,1.0,0.6349812600499735
Algeria,3,0.21174454630336983,0.3281176122931442,0.2859023776683849
Angola,3,0.13057136083451873,0.2619047619047619,0.20791217685241845
Areas NES,3,0.4141053391053391,1.0,0.6603127034460441
Argentina,3,0.41471704623878536,1.0,0.6438205906232473
Armenia,3,0.3843915343915344,1.0,0.5839155050998641
Asia NES,3,0.18835603062576747,0.3257751937984496,0.2896237808066053
Asia West NS,3,0.32818373075726015,0.5344030743194783,0.49133735103125115
Australia,3,0.42063492063492064,1.0,0.6434163343432581
Austria,3,0.4177877291267384,1.0,0.7148486087762083
Azerbaijan,3,0.3320478654424733,0.5059349763297132,0.46431211813058676
Bahamas,3,0.36448325675299353,0.5480117835380993,0.5183006979041256
Bahrain,3,0.365601718542895,0.577697583947584,0.534074113033769
Bangladesh,3,0.30566490668358237,0.4596326945412311,0.4211986314043072
Barbados,3,0.39744938356361714,1.0,0.6157112051198087
Belarus,3,0.37674168980115275,1.0,0.5694536085576654
Belgium-Lux,3,0.42866387893269614,1.0,0.7164423629326947
Belize,3,0.3873498594428827,1.0,0.5802642761755021
Benin,3,0.3766744829244829,0.5716584528076464,0.5399327390958143
Bermuda,3,0.3780734516028633,0.5906934411191377,0.547569219612347
Bolivia,3,0.372945951836112,0.5680171277997366,0.541615400872503
Bosnia Herzg,3,0.39594226579520697,1.0,0.6109899018568182
Br.Antr.Terr,3,0.07422027290448342,0.2039961013645224,0.14409620378021606
Brazil,3,0.4415845828889307,1.0,0.7237370904880815
Bulgaria,3,0.42837301587301585,1.0,0.7027846043862557
Burkina Faso,3,0.38404558404558403,0.8269895536562204,0.5635846325938841
Burundi,3,0.34649806892453955,0.5279995360135374,0.49813951668045997
CACM NES,3,0.17932692307692308,0.41795665634674917,0.3046336485361088
Cambodia,3,0.31023965141612203,0.5087432633872262,0.45725652548602047
Cameroon,3,0.21703844218443774,0.39098026156849686,0.33308344183649463
Canada,3,0.4382420826623725,1.0,0.7092487173940945
Cent.Afr.Rep,3,0.2242941277702834,0.3660312427310187,0.31084148355159485
Chad,3,0.2924926446629483,0.4861385595081248,0.41154065437347
Chile,3,0.39362745098039215,1.0,0.5948344310062845
China,3,0.4370945479641132,1.0,0.7174927848678251
China FTZ,3,0.39247729394788217,1.0,0.6250961895621402
China HK SAR,3,0.40873758437702484,1.0,0.6589319180310703
China MC SAR,3,0.36410256410256414,0.5884033836820214,0.5394702194766758
Colombia,3,0.40056946267950244,1.0,0.6255783392525999
Congo,3,0.24690868771751123,0.39630015371551375,0.34449092630161887
Costa Rica,3,0.3981481481481482,1.0,0.5931909195716996
Cote Divoire,3,0.3369500985780055,0.5198369565217391,0.484095023402398
Croatia,3,0.4213681849551415,1.0,0.688382696191117
Cuba,3,0.3302522316301355,0.4920634920634921,0.4475821687545164
Cyprus,3,0.413723544973545,1.0,0.6417097774895408
Czech Rep,3,0.430239706281373,1.0,0.7321479547512361
Dem.Rp.Congo,3,0.331649764738,0.5202334943639291,0.4545253034011719
Denmark,3,0.4145847711065102,1.0,0.6898276284141506
Djibouti,3,0.34482184482184486,0.5283161685335598,0.4871659016024975
Dominican Rp,3,0.39292153996101364,1.0,0.5978459010167275
EEC NES,3,0.3479976001136632,0.5519717830062658,0.5198759824677583
Ecuador,3,0.34722222222222215,0.5322969561585122,0.5029766096729309
Egypt,3,0.40119047619047615,1.0,0.6260057043728382
El Salvador,3,0.38788017538017544,1.0,0.5914404203615365
Eq.Guinea,3,0.1924414927261227,0.36621801506526364,0.2969685274948925
Estonia,3,0.40487323134381964,1.0,0.6452047368112375
Ethiopia,3,0.31242522909189574,0.4923605621431708,0.4377972641094942
Eur.Other NE,3,0.33221561391807986,0.5298573975044563,0.4943580456705755
Falkland Is,3,0.3384349230207796,0.5334477498093059,0.4940036236480172
Fiji,3,0.33170123094299797,0.5352134242967463,0.4894022734351213
Finland,3,0.39056587547299626,1.0,0.6264206508120647
Fr Ind O,3,0.32547838225804326,0.5015177854767638,0.44824702620534085
Fr.Guiana,3,0.08294961628294961,0.16429763096429764,0.12805967474678032
"France,Monac",3,0.46573295985060686,1.0,0.7688637666832852
Gabon,3,0.3502795090944886,0.5483877233877233,0.5145076591737877
Gambia,3,0.36836816273688583,0.6070283882783882,0.5499488855917991
Georgia,3,0.40040004490805403,1.0,0.6222697988592052
Germany,3,0.41089429576271685,1.0,0.7190150104474138
Ghana,3,0.31669651336318005,0.48823754789272034,0.4518135112723514
Gibraltar,3,0.34779411764705886,0.538914788914789,0.5061713449414624
Greece,3,0.4419887483612974,1.0,0.7171913250929347
Greenland,3,0.3434343434343434,0.5248456790123457,0.48528399340749306
Guadeloupe,3,0.23342864923747275,0.33278006715506714,0.29084259271182294
Guatemala,3,0.3348677602354073,0.5393518518518519,0.501888001560708
Guinea,3,0.24463266202396636,0.3808622130194711,0.33232463507059185
GuineaBissau,3,0.37777777777777777,0.6044823232323232,0.5583935143725892
Guyana,3,0.36227099939298046,0.5629079254079254,0.5227541308239886
Haiti,3,0.3646017115954723,0.5596687785786252,0.5209520951567224
Honduras,3,0.35836056644880177,0.5659527699968876,0.5211130896312249
Hungary,3,0.4125839136708702,1.0,0.6730844773196084
Iceland,3,0.3810947460372748,0.6536538461538461,0.5601204660396929
India,3,0.4396876271876272,1.0,0.7226027221098207
Indonesia,3,0.425438402593575,1.0,0.6930795049024953
Iran,3,0.2603995601173021,0.39427045736391064,0.35521214739852464
Iraq,3,0.11063218390804597,0.20150862068965517,0.16209802524045105
Ireland,3,0.39387882951025494,1.0,0.6234321827579187
Israel,3,0.40815980174049593,1.0,0.6626378642908519
Italy,3,0.4360651285521423,1.0,0.7397019605964553
Jamaica,3,0.3865907152054776,1.0,0.5801095403267484
Japan,3,0.366524486316153,1.0,0.630408560301266
Jordan,3,0.40349927849927847,1.0,0.6187011134801707
Kazakhstan,3,0.35836038961038963,0.5519790856451474,0.5145348899630259
Kenya,3,0.394140989729225,1.0,0.5733275974568051
Kiribati,3,0.3558080808080808,0.538057410052295,0.49947123367286256
Korea D P Rp,3,0.41673300899307086,1.0,0.6661678582342142
Korea Rep.,3,0.40967291967291963,1.0,0.6688367651972019
Kuwait,3,0.20385467921069422,0.33108390676220134,0.2823033392991228
Kyrgyzstan,3,0.3895909645909646,1.0,0.5968100690221904
LAIA NES,3,0.0,0.0,0.0
Lao P.Dem.R,3,0.30561683006535945,0.476037790182527,0.42966654388435677
Latvia,3,0.39079504724666014,1.0,0.6032899635710681
Lebanon,3,0.40215884333531393,1.0,0.6134217117406984
Liberia,3,0.21726190476190477,0.34901960784313724,0.2979926294531207
Libya,3,0.18530805840854858,0.31722189433186876,0.2652000503311121
Lithuania,3,0.4154845154845155,1.0,0.6506608297933255
Madagascar,3,0.27521604938271604,0.4471984805318138,0.41383730591530515
Malawi,3,0.20341614906832298,0.34679129640133605,0.3106099335159948
Malaysia,3,0.405660243895538,1.0,0.6402843446340345
Mali,3,0.3964886964886965,1.0,0.5918627414454145
Malta,3,0.3955065359477124,1.0,0.5989889257247685
Mauritania,3,0.26872895622895626,0.3824697613599215,0.3514811716430801
Mauritius,3,0.3626782675634066,0.5393518518518519,0.4995088691479762
Mexico,3,0.41660105822210136,1.0,0.6703672463527912
Mongolia,3,0.3430356193514088,0.5107769423558897,0.47025887895697094
Morocco,3,0.41111111111111115,1.0,0.6236973439380856
Mozambique,3,0.37777777777777777,1.0,0.5778393913386142
Myanmar,3,0.3124450857784191,0.49309578809578813,0.4578744522260795
Nepal,3,0.37896825396825395,0.5916744475568005,0.5509529026496462
Neth.Ant.Aru,3,0.3637898593780946,0.5665381205182995,0.5351413939785592
Netherlands,3,0.4394771894771895,1.0,0.7218928798603721
Neutral Zone,3,0.16733187502021352,0.32787433155080214,0.2520919242647483
New Calednia,3,0.32941176470588235,0.4954070660522274,0.443997117605432
New Zealand,3,0.4103835978835979,1.0,0.6474222095326786
Nicaragua,3,0.30910409035409037,0.4812440645773979,0.4420597179451306
Niger,3,0.34920634920634924,0.5268046546103822,0.490440201037369
Nigeria,3,0.33789293495175843,0.5117635405781957,0.46662092079089557
Norway,3,0.3881695102283338,1.0,0.5900600413588278
Occ.Pal.Terr,3,0.16136162687886826,0.2714412024756852,0.22361037612600776
Oman,3,0.31156848779397794,0.5055886243386243,0.45168358423019195
Oth.Oceania,3,0.3788223622782446,1.0,0.5812322737669249
Pakistan,3,0.39154459231858607,1.0,0.5782986154661681
Panama,3,0.401015406162465,1.0,0.6037901606516234
Papua N.Guin,3,0.25661375661375657,0.4002520717371115,0.3566859118612867
Paraguay,3,0.3745431075075456,0.6988798589611283,0.5631375421828738
Peru,3,0.4283008658008658,1.0,0.6531393816321016
Philippines,3,0.3967279309384572,1.0,0.6024746659047703
Poland,3,0.4427279085325062,1.0,0.7316647464565943
Portugal,3,0.422712703962704,1.0,0.6886297078503462
Qatar,3,0.2438484951925812,0.38095238095238093,0.3444644236269778
Rep Moldova,3,0.39498394325980535,1.0,0.6153142414092451
Romania,3,0.4259867197485184,1.0,0.6888043427514255
Russian Fed,3,0.39939258312020454,1.0,0.6218734730119148
Rwanda,3,0.31268602170776083,0.49332972582972584,0.43068786467189707
Samoa,3,0.18286202869536206,0.3373720732117317,0.28954340672343376
Saudi Arabia,3,0.3215822440087146,0.5126171529619805,0.4574429985848659
Senegal,3,0.26534990873226166,0.4002642888512453,0.3832771855177681
Seychelles,3,0.23844054580896684,0.3527486209471503,0.30886971704897204
Sierra Leone,3,0.3843915343915344,1.0,0.5848942171115589
Singapore,3,0.38243944394306717,1.0,0.59920436440508
Slovakia,3,0.4053615466658945,1.0,0.6760562632573431
Slovenia,3,0.4140304140304141,1.0,0.6795777868870092
Somalia,3,0.28643006820148087,0.4628178584700323,0.4030847176439267
South Africa,3,0.4216567852437417,1.0,0.6698658527389355
Spain,3,0.44826716329578525,1.0,0.7390970542049188
Sri Lanka,3,0.3992408557625948,1.0,0.6246692754931764
St.Helena,3,0.33365523712495093,0.5355122407467945,0.4892298378615565
St.Kt-Nev-An,3,0.3891517897957151,1.0,0.5893104301107198
St.Pierre Mq,3,0.19927536231884058,0.3214684619865008,0.2692141159079316
Sudan,3,0.1930415263748597,0.3434343434343434,0.3003794218733555
Suriname,3,0.3576229266420049,0.5323895487511048,0.5002731828066808
Sweden,3,0.4009294068504594,1.0,0.6515874557199267
Switz.Liecht,3,0.41352831912907007,1.0,0.6918735331984106
Syria,3,0.3204045094911968,0.5210064353209515,0.476133576136981
TFYR Macedna,3,0.3876836056159402,1.0,0.5772541839439673
Taiwan,3,0.40249525736220415,1.0,0.663511953673811
Tajikistan,3,0.35555555555555557,0.5539710833828481,0.5119773443476237
Tanzania,3,0.34224103782927306,0.5159559302704464,0.4845714679306181
Thailand,3,0.42882760397790937,1.0,0.7040916165360028
Togo,3,0.36465894602770665,0.5508463186952889,0.52050841466006
Trinidad Tbg,3,0.3292884990253411,0.49613519650284355,0.4422121048108803
Tunisia,3,0.4059205500381971,1.0,0.6341081160967694
Turkey,3,0.4186935885465297,1.0,0.684571990266296
Turkmenistan,3,0.30565998329156224,0.46664488281635985,0.4266659847627215
UK,3,0.41633532717167065,1.0,0.7043715877513517
US NES,3,0.34810606060606064,0.5454064454064453,0.49962745921690793
USA,3,0.4394771894771895,1.0,0.7307360634809635
Uganda,3,0.33465978465978463,0.5258826821326821,0.4661488485126809
Ukraine,3,0.4255341880341881,1.0,0.6835691209899997
Untd Arab Em,3,0.369760858635539,0.5878622581408959,0.5427383826869362
Uruguay,3,0.4174750349797788,1.0,0.6649367294006815
Uzbekistan,3,0.3833405483405483,1.0,0.5747539076860095
Venezuela,3,0.3465433177933178,0.548212170332414,0.509997989626395
Viet Nam,3,0.4065390749601276,1.0,0.6195323954584779
Yemen,3,0.2088235294117647,0.33244109047127623,0.28863121025992006
Yugoslavia,3,0.40837348946369717,1.0,0.651195368502733
Zambia,3,0.38541019668737064,0.5836066448691588,0.549458795436595
Zimbabwe,3,0.3958400531929943,1.0,0.5954826118537617
Afghanistan,4,0.39682286524391785,1.0,0.6032892021190541
Afr.Other NS,4,0.2742880024209947,0.4327263979377439,0.3736196389497231
Africa N.NES,4,0.0,0.0,0.0
Albania,4,0.4123467780725845,1.0,0.6490741135061869
Algeria,4,0.21174454630336983,0.3281176122931442,0.2859023776683849
Angola,4,0.13057136083451873,0.2619047619047619,0.20791217685241845
Areas NES,4,0.41548337283631404,1.0,0.6703715187460132
Argentina,4,0.4184163059163059,1.0,0.6605606330050096
Armenia,4,0.40303001672049293,1.0,0.6102897756898135
Asia NES,4,0.18835603062576747,0.3257751937984496,0.2896237808066053
Asia West NS,4,0.3473931623931624,0.5501619153793066,0.5272007018402521
Australia,4,0.42446095571095577,1.0,0.6613151916511796
Austria,4,0.4177877291267384,1.0,0.7148486087762083
Azerbaijan,4,0.3592083297965651,0.5582530673087949,0.5129112418216513
Bahamas,4,0.38027915711739246,0.6268927015250544,0.5584028102309384
Bahrain,4,0.37998861160625863,1.0,0.5726726828973691
Bangladesh,4,0.3294716215683957,0.4958455656559508,0.4561650391592506
Barbados,4,0.3987430869783812,1.0,0.6278172169922851
Belarus,4,0.38457348751466397,1.0,0.5981293033033115
Belgium-Lux,4,0.4294195083668768,1.0,0.7195727630689858
Belize,4,0.39062998405103666,1.0,0.6032435179240957
Benin,4,0.38410667432406564,1.0,0.5686487564973627
Bermuda,4,0.3915692007797271,1.0,0.5894371362565091
Bolivia,4,0.3953619909502262,1.0,0.579090132726385
Bosnia Herzg,4,0.3986885104919161,1.0,0.622896697606683
Br.Antr.Terr,4,0.07422027290448342,0.2039961013645224,0.14409620378021606
Brazil,4,0.4434462611998844,1.0,0.732039819911674
Bulgaria,4,0.4352203352203352,1.0,0.7144429711028084
Burkina Faso,4,0.3907021341231868,1.0,0.5933835784927002
Burundi,4,0.36119061816736237,0.5486989459815547,0.5291088635462818
CACM NES,4,0.24527657527657526,0.49174979609762215,0.3929846245866194
Cambodia,4,0.3459999640881994,0.543447813908172,0.5046775378569306
Cameroon,4,0.2528395061728395,0.425329626800215,0.3633856337077125
Canada,4,0.4396876271876272,1.0,0.7166609234278302
Cent.Afr.Rep,4,0.2306547619047619,0.3752101792760445,0.3230156239985808
Chad,4,0.31705182072829136,0.5175840241629714,0.47062339334758685
Chile,4,0.4009294068504594,1.0,0.6122172407987031
China,4,0.4412008893391872,1.0,0.7328852656322304
China FTZ,4,0.3941404947692981,1.0,0.6381051429626394
China HK SAR,4,0.40873758437702484,1.0,0.6710225749846811
China MC SAR,4,0.3778846153846154,1.0,0.5840153014964542
Colombia,4,0.4068682213843504,1.0,0.6484046828770409
Congo,4,0.25267379679144386,0.40567973160684156,0.351968883373646
Costa Rica,4,0.40147350606909427,1.0,0.6190759576437721
Cote Divoire,4,0.36465964590964595,0.5486748840220088,0.5239263448390449
Croatia,4,0.4229847494553377,1.0,0.6929299475772641
Cuba,4,0.36251935834315696,0.5451178451178451,0.5029704479849602
Cyprus,4,0.41548337283631404,1.0,0.6538156893875257
Czech Rep,4,0.430239706281373,1.0,0.7331132451358813
Dem.Rp.Congo,4,0.3628049700418121,0.5473188653451811,0.5208950214372302
Denmark,4,0.41609387344681464,1.0,0.6962509702044295
Djibouti,4,0.3558823529411765,0.5562251145668995,0.5269209136709612
Dominican Rp,4,0.3986885104919161,1.0,0.6179709503518712
EEC NES,4,0.356468253968254,1.0,0.5516102753608287
Ecuador,4,0.3726949112978525,0.5889939309056956,0.5432276573486748
Egypt,4,0.41424807076980985,1.0,0.6493969351672807
El Salvador,4,0.398063973063973,1.0,0.6158769087576589
Eq.Guinea,4,0.2298947880557076,0.40886363636363643,0.3353453362565543
Estonia,4,0.40804021901158116,1.0,0.6554541067207292
Ethiopia,4,0.34335839598997486,0.5262896825396826,0.4834432443018396
Eur.Other NE,4,0.3387498332460327,0.5480848466756786,0.5165165338051045
Falkland Is,4,0.36119061816736237,0.5548599673684189,0.533082020145523
Fiji,4,0.35728077880251796,0.5848117024587614,0.5361336639457616
Finland,4,0.3938746438746439,1.0,0.6322697332731012
Fr Ind O,4,0.350729009552539,0.5301646171665146,0.49793352098681437
Fr.Guiana,4,0.08294961628294961,0.16429763096429764,0.12805967474678032
"France,Monac",4,0.46573295985060686,1.0,0.7725103996515604
Gabon,4,0.36585706690969844,0.6002886002886002,0.5473613574917765
Gambia,4,0.377024495231017,1.0,0.5688312355165256
Georgia,4,0.4030907817672523,1.0,0.6311797930379482
Germany,4,0.41089429576271685,1.0,0.7200066472455021
Ghana,4,0.34376587265603287,0.5210064353209515,0.4868986118573507
Gibraltar,4,0.3614005700113728,0.5827979890479891,0.5398976392562146
Greece,4,0.44452399905831275,1.0,0.7313739020123918
Greenland,4,0.3598014888337469,0.5515974035710878,0.5284568874640001
Guadeloupe,4,0.23342864923747275,0.33278006715506714,0.29084259271182294
Guatemala,4,0.366378688361447,0.5959774373087067,0.5436564690936697
Guinea,4,0.2525971342908463,0.39544629531016795,0.34779278831466254
GuineaBissau,4,0.39345957791079744,1.0,0.6049398578266731
Guyana,4,0.3783110393433706,1.0,0.5664979143542241
Haiti,4,0.375000319377801,1.0,0.56391286920017
Honduras,4,0.37713861341910115,1.0,0.5650746672266551
Hungary,4,0.41421356421356426,1.0,0.6816932275945499
Iceland,4,0.38588483994830747,1.0,0.584649618416465
India,4,0.445683462779051,1.0,0.7363478180503273
Indonesia,4,0.4263083659635384,1.0,0.7022542303552569
Iran,4,0.2603995601173021,0.39427045736391064,0.35521214739852464
Iraq,4,0.11063218390804597,0.20150862068965517,0.16209802524045105
Ireland,4,0.39709342801448066,1.0,0.6327806613149907
Israel,4,0.41370011772825077,1.0,0.6727957331980133
Italy,4,0.4360651285521423,1.0,0.741622021419742
Jamaica,4,0.3917219750339884,1.0,0.6022792641409257
Japan,4,0.36909399724802205,1.0,0.6369936973353361
Jordan,4,0.40967291967291963,1.0,0.6396384706533308
Kazakhstan,4,0.3853134977987166,1.0,0.5657125836068192
Kenya,4,0.40569095793554,1.0,0.6160756271687063
Kiribati,4,0.377024495231017,0.5855566272807652,0.5479283265302299
Korea D P Rp,4,0.4179086515424276,1.0,0.6773965891743104
Korea Rep.,4,0.4101546601546602,1.0,0.678881525738101
Kuwait,4,0.20385467921069422,0.33108390676220134,0.2823033392991228
Kyrgyzstan,4,0.3989840863881785,1.0,0.6189360207042546
LAIA NES,4,0.0,0.0,0.0
Lao P.Dem.R,4,0.33427145172834827,0.51689340653687,0.47315865315039884
Latvia,4,0.3970078452837073,1.0,0.622304842650178
Lebanon,4,0.408975836463103,1.0,0.6329907336678467
Liberia,4,0.22859477124183006,0.37559354226020886,0.32004692885358016
Libya,4,0.18530805840854858,0.31722189433186876,0.2652000503311121
Lithuania,4,0.41947398447398443,1.0,0.6702300213073173
Madagascar,4,0.2992348216917182,0.49358024691358027,0.44721042385402787
Malawi,4,0.20341614906832298,0.34679129640133605,0.3106099335159948
Malaysia,4,0.41089429576271685,1.0,0.6518293059256791
Mali,4,0.3992408557625948,1.0,0.6140830930036129
Malta,4,0.4007309941520467,1.0,0.6193932464998362
Mauritania,4,0.26872895622895626,0.3833333333333333,0.3525734706224758
Mauritius,4,0.37977309545937,0.609271978021978,0.5522122837061963
Mexico,4,0.4188920012449424,1.0,0.6811046093915356
Mongolia,4,0.3605283605283605,0.5531416682732472,0.5192551792778762
Morocco,4,0.41848968932302266,1.0,0.6508424685776177
Mozambique,4,0.3879285632381607,1.0,0.601311960174721
Myanmar,4,0.3461490630735053,0.5342739783529257,0.5001363320300415
Nepal,4,0.3864278641755422,1.0,0.5856102343889045
Neth.Ant.Aru,4,0.3735464139275392,1.0,0.5639033630666723
Netherlands,4,0.44155966480159314,1.0,0.7278005201793325
Neutral Zone,4,0.16733187502021352,0.32787433155080214,0.2520919242647483
New Calednia,4,0.3504237592472887,0.5242286308462779,0.4886669927113839
New Zealand,4,0.41776766262060383,1.0,0.6612918740964321
Nicaragua,4,0.3304246946917725,0.518088149667097,0.4779051249054555
Niger,4,0.3690276828434723,0.5505282157456071,0.5335615476070334
Nigeria,4,0.365728088336784,0.5478602924423358,0.5223643505480651
Norway,4,0.3954396910279263,1.0,0.6074035450391979
Occ.Pal.Terr,4,0.16136162687886826,0.2714412024756852,0.22361037612600776
Oman,4,0.34771188778541723,0.5432364612511671,0.5035271805996026
Oth.Oceania,4,0.3848520996778262,1.0,0.6063390022676457
Pakistan,4,0.40341573631047317,1.0,0.6154623962534365
Panama,4,0.4078714160235899,1.0,0.6335433483174768
Papua N.Guin,4,0.27553656220322886,0.42630701577570645,0.37741022550802383
Paraguay,4,0.391875280149274,1.0,0.6014203998760301
Peru,4,0.4347522847522848,1.0,0.6780969695693252
Philippines,4,0.40319582378405905,1.0,0.6362125136990439
Poland,4,0.4436853432796637,1.0,0.735757707735126
Portugal,4,0.42341209988268813,1.0,0.6974416501516024
Qatar,4,0.2438484951925812,0.38095238095238093,0.3444644236269778
Rep Moldova,4,0.405660243895538,1.0,0.6324350767080994
Romania,4,0.4289035934197224,1.0,0.6990924831801532
Russian Fed,4,0.40507710888145676,1.0,0.6363613524749567
Rwanda,4,0.3423088023088023,0.527921973356756,0.4852896077392175
Samoa,4,0.18286202869536206,0.3373720732117317,0.28954340672343376
Saudi Arabia,4,0.341862510554461,0.5357170951561256,0.5071838380950853
Senegal,4,0.26534990873226166,0.4002642888512453,0.3832771855177681
Seychelles,4,0.23844054580896684,0.3527486209471503,0.30886971704897204
Sierra Leone,4,0.3889817911557042,1.0,0.6015844762659979
Singapore,4,0.3919204577099314,1.0,0.6208672198192747
Slovakia,4,0.4097746697746698,1.0,0.6845520735124407
Slovenia,4,0.41424807076980985,1.0,0.6825954526494569
Somalia,4,0.31023965141612203,0.5014426663807469,0.44333909990960607
South Africa,4,0.4282173980703392,1.0,0.6844594726493324
Spain,4,0.4503676470588235,1.0,0.7414171226388393
Sri Lanka,4,0.40487323134381964,1.0,0.6447197746408675
St.Helena,4,0.349098124098124,0.5748248502634468,0.5326113449752408
St.Kt-Nev-An,4,0.3986885104919161,1.0,0.6206499157578059
St.Pierre Mq,4,0.19927536231884058,0.3214684619865008,0.2692141159079316
Sudan,4,0.1930415263748597,0.3434343434343434,0.3003794218733555
Suriname,4,0.3710721833194323,0.5712778278616684,0.5429531222383793
Sweden,4,0.4041187507792726,1.0,0.6599378924150455
Switz.Liecht,4,0.41370011772825077,1.0,0.6957776841881896
Syria,4,0.362719298245614,0.5737351656469305,0.5281137576263418
TFYR Macedna,4,0.39524926132068994,1.0,0.6014325489378739
Taiwan,4,0.4036252548157311,1.0,0.6669344917098136
Tajikistan,4,0.3804081454943524,1.0,0.5641773023175314
Tanzania,4,0.3666666666666667,0.548966325660699,0.5258961709128358
Thailand,4,0.42952324333372727,1.0,0.7108353459415218
Togo,4,0.3790973152068263,0.8272649572649573,0.5602088851772411
Trinidad Tbg,4,0.3577442569483834,0.5356499990745367,0.4969565128716842
Tunisia,4,0.411075839365313,1.0,0.6552125929384759
Turkey,4,0.4227993960781635,1.0,0.6998218676565434
Turkmenistan,4,0.3333333333333333,0.5034009971509972,0.46527664952892295
UK,4,0.4221618357487923,1.0,0.7121788554611356
US NES,4,0.37247864747864745,0.5940520355566122,0.5498608921811635
USA,4,0.4396732494558582,1.0,0.7319199819058972
Uganda,4,0.3624149765667123,0.5496735148909061,0.5244465349941061
Ukraine,4,0.4282173980703392,1.0,0.6895018299648069
Untd Arab Em,4,0.3915944397082505,1.0,0.5871073767915362
Uruguay,4,0.41901455026455026,1.0,0.6716185749872464
Uzbekistan,4,0.40119047619047615,1.0,0.6092781563982778
Venezuela,4,0.3587136320469654,0.6105006105006106,0.5486878217495977
Viet Nam,4,0.41494702236734937,1.0,0.6523868471988327
Yemen,4,0.2088235294117647,0.33244109047127623,0.28863121025992006
Yugoslavia,4,0.4102693602693603,1.0,0.6578140060978164
Zambia,4,0.39292153996101364,1.0,0.5758421321658884
Zimbabwe,4,0.4055116996293467,1.0,0.623810483854964
